City,Lat,Lng,Max Temp,Humidity,Cloudiness,Wind Speed,Country,Date
Severo-Kuril'sk,50.6789,156.125,286.67,84,62,5.48,RU,1628467170
Grand Gaube,-20.0064,57.6608,293.37,90,87,1.34,MU,1628467085
Kaupanger,61.1845,7.2404,287.35,75,87,1.16,NO,1628467353
Rikitea,-23.1203,-134.9692,296.72,76,1,5.29,PF,1628467186
Mataura,-46.1927,168.8643,277.3,97,91,2.46,NZ,1628467328
San Jose,37.3394,-121.895,307.64,49,1,2.24,US,1628467115
Chui,-33.6971,-53.4616,287.11,96,98,5.01,UY,1628467354
Mar del Plata,-38.0023,-57.5575,279.78,80,100,5.12,AR,1628467355
Thompson,55.7435,-97.8558,291.7,69,99,3.87,CA,1628467355
Atuona,-9.8,-139.0333,298.53,79,23,9.51,PF,1628467192
Butaritari,3.0707,172.7902,301.9,60,46,5.06,KI,1628467355
Albany,42.6001,-73.9662,299.51,73,22,2.42,US,1628467876
Constitución,-35.3333,-72.4167,282.18,72,100,1.17,CL,1628467356
Barrow,71.2906,-156.7887,277.16,86,90,5.14,US,1628467356
Pevek,69.7008,170.3133,276.23,81,27,4.86,RU,1628467356
Punta Arenas,-53.15,-70.9167,279.23,71,98,10.02,CL,1628467357
Cape Town,-33.9258,18.4232,285.43,90,100,1.34,ZA,1628467420
Arraial do Cabo,-22.9661,-42.0278,293.75,83,8,10.99,BR,1628467176
Comodoro Rivadavia,-45.8667,-67.5,281.27,53,0,2.87,AR,1628467357
New Norfolk,-42.7826,147.0587,285.33,78,40,0.45,AU,1628467358
Berdigestyakh,62.0989,126.6992,293.07,46,59,3.8,RU,1628467358
Saint Paul Harbor,57.79,-152.4072,288.46,59,59,4.95,US,1628467322
Inhambane,-23.865,35.3833,291.12,70,0,2.93,MZ,1628467148
Codrington,-38.2667,141.9667,284.64,72,98,6.1,AU,1628467359
Mudgee,-32.5943,149.5871,285.72,77,100,2.62,AU,1628467359
Yellowknife,62.456,-114.3525,285.83,48,80,4.76,CA,1628467354
Nikolskoye,59.7035,30.7861,290.38,97,99,2.2,RU,1628467360
Santa Rosa,14.3122,121.1114,303.2,75,93,2.99,PH,1628467881
Eyl,7.9803,49.8164,297.66,82,57,10.13,SO,1628467360
Bredasdorp,-34.5322,20.0403,283.86,92,100,6.2,ZA,1628467344
Muroto-misakicho,33.2833,134.15,300.24,87,88,18.5,JP,1628467361
Kruisfontein,-34.0033,24.7314,283.64,86,100,3.33,ZA,1628467361
Qaanaaq,77.484,-69.3632,277.32,72,18,1.88,GL,1628467362
Komatipoort,-25.4332,31.9548,290.08,52,0,2.08,ZA,1628467362
Lagoa,39.05,-27.9833,295.06,87,9,8.27,PT,1628467362
Abaza,52.655,90.0928,288.54,84,30,1.13,RU,1628467363
Bluff,-46.6,168.3333,277.48,82,96,7.11,NZ,1628467363
Pacific Grove,36.6177,-121.9166,304.83,83,34,1.79,US,1628467201
Laas,46.6166,10.7002,287.94,90,29,0.79,IT,1628467364
Bambous Virieux,-20.3428,57.7575,293.27,90,98,8.89,MU,1628467364
Port Lincoln,-34.7333,135.8667,287.36,54,20,7.91,AU,1628467365
Ilulissat,69.2167,-51.1,280.16,81,75,2.06,GL,1628467574
Tezu,27.9167,96.1667,298.13,100,100,0.47,IN,1628467365
Hargeisa,9.56,44.065,295.62,59,59,8.75,SO,1628467366
Soure,-0.7167,-48.5233,300.4,78,28,5.54,BR,1628467366
Faanui,-16.4833,-151.75,299.29,77,22,5.53,PF,1628467366
Selenginsk,52.0064,106.8647,285.38,60,87,0.96,RU,1628467367
Tegul'det,57.3064,88.1667,290.16,83,70,1.07,RU,1628467367
Iquitos,-3.7481,-73.2472,300.17,78,75,1.03,PE,1628467089
Hokitika,-42.7167,170.9667,279.7,59,1,1.2,NZ,1628467367
Ampanihy,-24.7,44.75,288.65,93,0,2.51,MG,1628467368
Grindavik,63.8424,-22.4338,287.35,94,75,6.17,IS,1628467368
Nong Bua,15.8646,100.5858,300.15,77,89,0.88,TH,1628467369
Naze,28.3667,129.4833,299.92,79,5,5.53,JP,1628467369
Vaini,-21.2,-175.2,295.06,61,64,3.15,TO,1628467369
Shelburne,44.0787,-80.2041,296.96,83,99,2.16,CA,1628467370
Tuktoyaktuk,69.4541,-133.0374,283.15,71,75,3.09,CA,1628467079
Port Elizabeth,-33.918,25.5701,284.87,84,93,4.03,ZA,1628467370
Nortelândia,-14.4547,-56.8028,299.73,35,13,1.92,BR,1628467370
Bethanien,-26.502,17.1583,284.42,43,20,3.59,NA,1628467371
Ternate,0.8,127.4,300.38,76,74,2.16,ID,1628467371
Cayenne,4.9333,-52.3333,300.98,83,0,2.24,GF,1628467371
Mitú,1.1983,-70.1733,295.81,95,90,1.19,CO,1628467372
Ushuaia,-54.8,-68.3,275.15,96,100,3.43,AR,1628467330
Sayhāt,26.4852,50.0405,308.34,36,2,3.27,SA,1628467372
Souillac,-20.5167,57.5167,293.35,88,100,7.49,MU,1628467246
Omagh,54.6,-7.3,285.79,93,100,2.91,GB,1628467373
Fortuna,40.5982,-124.1573,303.81,66,20,1.79,US,1628467373
Longyearbyen,78.2186,15.6401,278.06,93,75,3.09,SJ,1628467076
Srednekolymsk,67.45,153.6833,293.39,39,14,2.11,RU,1628467374
Jamestown,42.097,-79.2353,298.81,81,1,0.89,US,1628467374
Berbera,10.4396,45.0143,305.27,50,56,3.31,SO,1628467374
Jumilla,38.4792,-1.325,295.83,79,69,2.01,ES,1628467375
Bengkulu,-3.8004,102.2655,297.8,87,62,1.78,ID,1628467375
Cap Malheureux,-19.9842,57.6142,293.41,90,90,0.89,MU,1628467269
Gimli,50.6336,-96.9907,307.83,22,29,8.23,CA,1628467376
Busselton,-33.65,115.3333,284.87,62,100,9.32,AU,1628467376
Lubango,-14.9172,13.4925,287.33,39,25,1.59,AO,1628467245
Tarko-Sale,64.9225,77.785,288.28,78,2,4.54,RU,1628467377
Tazmalt,36.3868,4.3989,301.31,43,26,1.3,DZ,1628467377
Kununurra,-15.7667,128.7333,295.14,30,1,2.57,AU,1628467377
Dingle,10.9995,122.6711,298.38,90,100,0.27,PH,1628467368
Lorengau,-2.0226,147.2712,301.82,73,64,4.07,PG,1628467378
Alexandria,31.2156,29.9553,299.87,78,0,4.7,EG,1628467580
Talnakh,69.4865,88.3972,290.24,58,1,1.4,RU,1628467379
Ponta do Sol,32.6667,-17.1,294.5,76,29,1.56,PT,1628467379
Kavieng,-2.5744,150.7967,301.96,69,93,4.91,PG,1628467379
Hithadhoo,-0.6,73.0833,299.79,76,98,2.05,MV,1628467243
Djibo,14.1022,-1.6306,304.27,49,89,1.39,BF,1628467380
Poum,-20.2333,164.0167,294.64,58,59,7.43,NC,1628467329
Kaitangata,-46.2817,169.8464,279.31,75,90,4.66,NZ,1628467294
Dauphin,51.1494,-100.0502,303.51,27,45,6.22,CA,1628467380
Dzilam González,21.2833,-88.9333,302.01,71,20,5.38,MX,1628467381
Krasnovishersk,60.4078,57.082,284.21,91,85,1.74,RU,1628467381
Tyrma,50.0833,132.1667,283.49,95,100,1.3,RU,1628467381
Cabedelo,-6.9811,-34.8339,296.91,85,42,5.38,BR,1628467382
Chimbote,-9.0853,-78.5783,290.6,83,12,5.5,PE,1628467382
Taoudenni,22.6783,-3.9836,311.28,10,9,6.44,ML,1628467383
Nelson Bay,-32.7167,152.15,289.79,71,100,0.45,AU,1628467268
Nyurba,63.2842,118.3319,292.85,86,67,1.27,RU,1628467383
Newington,41.6979,-72.7237,298.27,81,75,0.0,US,1628467383
Saint-Philippe,-21.3585,55.7679,293.27,88,41,3.94,RE,1628467364
Los Llanos de Aridane,28.6585,-17.9182,293.01,92,90,4.12,ES,1628467334
Avarua,-21.2078,-159.775,299.18,69,20,5.66,CK,1628467384
Qasigiannguit,68.8193,-51.1922,280.29,92,100,3.21,GL,1628467384
Yerbogachën,61.2767,108.0108,288.86,48,2,1.5,RU,1628467385
Hamilton,39.1834,-84.5333,303.2,63,24,0.45,US,1628467333
Mayo,38.8876,-76.5119,302.54,76,3,0.89,US,1628467096
Hilo,19.7297,-155.09,299.96,88,22,0.45,US,1628467385
Hofn,64.2539,-15.2082,286.42,75,13,1.11,IS,1628467386
Buin,-33.7333,-70.75,280.6,87,88,0.89,CL,1628467386
Port Keats,-14.25,129.55,297.05,27,1,3.48,AU,1628467387
Vestmannaeyjar,63.4427,-20.2734,286.57,80,87,3.39,IS,1628467387
Yarkovo,57.4028,67.0786,288.09,99,31,2.4,RU,1628467388
Mahébourg,-20.4081,57.7,293.31,94,75,1.54,MU,1628467102
Ambon City,-3.6954,128.1814,298.23,100,40,1.54,ID,1628467388
Alaca,40.1683,34.8425,289.96,82,10,2.03,TR,1628467388
Cherskiy,68.75,161.3,289.74,31,40,1.37,RU,1628467234
Szabadszállás,46.8758,19.2232,295.25,80,93,4.59,HU,1628467389
Tura,25.5198,90.2201,297.04,98,97,2.56,IN,1628467389
Malanje,-9.5402,16.341,290.17,77,61,1.7,AO,1628467387
Erenhot,43.6475,111.9767,293.09,50,22,7.68,CN,1628467390
Bethel,41.3712,-73.414,297.64,82,93,1.7,US,1628467292
Vadsø,70.0744,29.7487,286.64,75,8,0.71,NO,1628467390
Mpulungu,-8.7623,31.1141,294.32,45,0,3.36,ZM,1628467391
Harper,4.375,-7.7169,297.41,87,44,4.65,LR,1628467379
Kappeln,54.6612,9.9313,288.1,90,99,7.02,DE,1628467391
Zhangye,38.9342,100.4517,295.72,33,0,2.83,CN,1628467392
Khatanga,71.9667,102.5,284.85,74,100,5.24,RU,1628467392
Hermanus,-34.4187,19.2345,284.76,79,100,6.4,ZA,1628467393
Puerto El Triunfo,13.2833,-88.55,300.39,79,74,1.54,SV,1628467393
Aklavik,68.2191,-135.0107,288.6,41,11,1.84,CA,1628467393
Sakakah,29.9697,40.2064,303.16,22,0,3.65,SA,1628467394
Cidreira,-30.1811,-50.2056,288.83,91,1,4.78,BR,1628467394
Dikson,73.5069,80.5464,278.48,98,2,3.51,RU,1628467395
Vondrozo,-22.8167,47.2833,287.17,95,29,1.19,MG,1628467395
Hobart,-42.8794,147.3294,284.96,72,40,1.34,AU,1628467216
Colombia,20.9881,-77.4297,299.13,79,19,5.46,CU,1628467208
Portland,45.5234,-122.6762,300.0,43,40,0.89,US,1628467750
San Quintín,30.4833,-115.95,295.58,67,12,4.44,MX,1628467169
Ponca City,36.707,-97.0856,307.05,64,41,3.58,US,1628467248
Kiryat Gat,31.61,34.7642,300.04,80,0,0.95,IL,1628467275
Birjand,32.8663,59.2211,296.11,23,0,8.38,IR,1628467396
Jiayuguan City,39.8167,98.3,295.82,22,0,0.52,CN,1628467397
Talara,-4.5772,-81.2719,291.26,84,4,8.49,PE,1628467397
Juba,4.8517,31.5825,294.13,97,94,1.23,SS,1628467346
Guiyang,26.5833,106.7167,296.67,89,100,1.17,CN,1628467397
Chapadinha,-3.7417,-43.3603,299.69,63,51,2.55,BR,1628467398
Gilgit,35.9221,74.3087,294.95,68,86,0.87,PK,1628467398
Upernavik,72.7868,-56.1549,278.24,85,99,1.57,GL,1628467399
Timmins,48.4669,-81.3331,291.05,100,90,3.6,CA,1628467399
Yulara,-25.2406,130.9889,282.06,43,0,2.57,AU,1628467101
Caçu,-18.5567,-51.1308,294.89,36,32,3.15,BR,1628467301
Lahaina,20.8783,-156.6825,300.73,61,3,2.8,US,1628467400
Babanka,48.7097,30.4483,290.37,68,0,3.43,UA,1628467400
Carballo,43.213,-8.691,289.74,89,99,0.86,ES,1628467154
Matara,5.9485,80.5353,297.82,91,95,3.89,LK,1628467401
Riyadh,24.6877,46.7219,306.49,23,27,1.24,SA,1628467318
Vila Franca do Campo,37.7167,-25.4333,294.38,88,42,4.87,PT,1628467287
Tupik,54.4253,119.9327,285.83,99,100,2.15,RU,1628467401
Iqaluit,63.7506,-68.5145,279.12,89,100,4.35,CA,1628467401
Lata,40.1629,-8.3327,288.74,97,4,0.69,PT,1628467402
Tiksi,71.6872,128.8694,283.75,71,62,1.92,RU,1628467329
North Bend,43.4065,-124.2243,298.84,68,1,10.29,US,1628467402
Dejen,10.1667,38.1333,283.69,87,46,1.29,ET,1628467403
Lompoc,34.6391,-120.4579,299.94,72,1,2.68,US,1628467896
Kontagora,10.3999,5.4695,294.66,98,58,2.5,NG,1628467403
Manta,-0.95,-80.7333,294.88,84,83,4.34,EC,1628467404
São Félix do Xingu,-6.6447,-51.995,299.76,39,31,1.07,BR,1628467404
Geraldton,-28.7667,114.6,289.38,94,90,4.63,AU,1628467404
Beisfjord,68.3751,17.5988,290.51,85,93,3.53,NO,1628467405
Ribeira Grande,38.5167,-28.7,295.85,87,53,7.22,PT,1628467185
Harindānga,22.0383,88.3214,302.14,84,76,4.03,IN,1628467405
Dzhebariki-Khaya,62.2167,135.8,296.76,39,9,1.14,RU,1628467406
Belaya Gora,68.5333,146.4167,294.71,34,88,3.39,RU,1628467406
Alofi,-19.0595,-169.9187,297.6,85,95,4.95,NU,1628467406
Castro,-24.7911,-50.0119,289.15,59,97,2.02,BR,1628467139
Belgrade,44.804,20.4651,300.96,29,0,3.6,RS,1628467500
Benguela,-12.5763,13.4055,295.15,85,77,1.86,AO,1628467135
Morro Bay,35.3658,-120.8499,303.67,58,24,3.13,US,1628467407
Nanortalik,60.1432,-45.2371,279.22,92,36,5.59,GL,1628467147
Lethem,3.3803,-59.7968,298.13,88,100,1.26,GY,1628467407
Gornopravdinsk,60.05,69.9,291.34,88,100,1.43,RU,1628467408
Innsbruck,47.2627,11.3945,287.18,94,90,1.54,AT,1628467408
Dolores,-36.3132,-57.6792,278.58,95,100,6.95,AR,1628467409
Ponta Delgada,37.7333,-25.6667,294.55,88,75,5.14,PT,1628467409
Kenai,60.5544,-151.2583,285.94,96,90,7.2,US,1628467409
Sault Ste. Marie,46.5168,-84.3333,296.31,80,40,3.09,CA,1628467147
Rocha,-34.4833,-54.3333,285.01,90,100,6.42,UY,1628467410
Flinders,-34.5833,150.8552,287.71,82,100,3.13,AU,1628467410
Rock Springs,41.5875,-109.2029,303.28,12,1,5.81,US,1628467410
Airai,-8.9266,125.4092,291.73,62,22,1.34,TL,1628467411
Carnarvon,-24.8667,113.6333,292.85,76,36,5.58,AU,1628467411
Rio Grande,-32.035,-52.0986,289.38,84,95,3.82,BR,1628467412
São Marcos,-28.9711,-51.0681,289.85,77,4,1.23,BR,1628467247
Hong Kong,22.2855,114.1577,302.77,89,100,0.45,HK,1628467174
Muros,42.7762,-9.0603,290.5,87,99,2.06,ES,1628467412
Esperance,-33.8667,121.9,289.44,74,1,9.18,AU,1628467403
Roseburg,43.2165,-123.3417,301.58,22,1,8.75,US,1628467413
Emerald,-23.5333,148.1667,291.61,56,0,4.42,AU,1628467413
Sitka,57.0531,-135.33,289.07,78,100,3.78,US,1628467350
Korla,41.7597,86.1469,297.67,39,86,4.15,CN,1628467413
Goma,-1.6792,29.2228,289.88,82,27,1.42,CD,1628467414
Saint Anthony,45.0205,-93.218,298.79,78,1,2.06,US,1628467414
Tromsø,69.6496,18.957,290.51,82,75,1.03,NO,1628467227
Nihommatsu,37.5833,140.4333,302.76,82,86,2.04,JP,1628467415
Kralendijk,12.15,-68.2667,300.78,77,21,6.06,BQ,1628467415
Kapaa,22.0752,-159.319,302.14,68,47,2.24,US,1628467415
Port Alfred,-33.5906,26.891,288.15,84,47,5.99,ZA,1628467416
Grootfontein,-19.5667,18.1167,286.13,23,1,1.31,NA,1628467416
Coyhaique,-45.5752,-72.0662,273.38,95,31,1.83,CL,1628467416
Leningradskiy,69.3833,178.4167,277.9,75,28,8.12,RU,1628467259
Pochutla,15.7432,-96.4661,300.83,79,91,1.46,MX,1628467417
Praia da Vitória,38.7333,-27.0667,295.24,88,14,7.51,PT,1628467417
Antofagasta,-23.65,-70.4,287.43,73,23,3.49,CL,1628467418
Klaksvík,62.2266,-6.589,282.66,94,95,2.62,FO,1628467418
Texarkana,33.4251,-94.0477,307.27,55,1,2.68,US,1628467418
Husavik,66.0449,-17.3389,285.94,85,47,0.25,IS,1628467419
Kamenka,51.3223,42.7678,298.42,28,100,4.27,RU,1628467419
Coquimbo,-29.9533,-71.3436,286.0,82,20,3.09,CL,1628467177
Mawlaik,23.6333,94.4167,297.94,98,91,0.46,MM,1628467420
Kahului,20.8947,-156.47,300.75,68,13,3.8,US,1628467334
Kandrian,-6.2167,149.55,300.04,84,95,3.97,PG,1628467420
Forestville,38.8451,-76.875,302.35,71,1,2.57,US,1628467421
Imbituba,-28.24,-48.6703,289.66,92,0,5.11,BR,1628467331
Hay River,60.8156,-115.7999,281.58,80,100,1.9,CA,1628467214
Pisco,-13.7,-76.2167,289.27,85,0,1.7,PE,1628467422
Ārya,33.6,73.0667,298.84,68,34,4.45,PK,1628467422
Skibbereen,51.55,-9.2667,287.04,93,26,3.81,IE,1628467422
Marshall,34.3834,-86.3333,303.32,53,1,1.54,US,1628467423
Haverfordwest,51.8017,-4.9691,287.9,93,27,4.75,GB,1628467423
Richards Bay,-28.783,32.0377,291.01,62,1,4.65,ZA,1628467170
Fare,-16.7,-151.0167,299.52,74,11,5.61,PF,1628467423
Morant Bay,17.8815,-76.4093,301.85,81,7,3.8,JM,1628467424
Puerto Escondido,15.85,-97.0667,301.61,61,90,4.12,MX,1628467424
Kalakamati,-20.5929,27.3121,285.99,47,0,3.13,BW,1628467425
Penzance,50.1186,-5.5371,288.02,90,94,9.46,GB,1628467425
Minudasht,37.2289,55.3747,303.85,27,0,1.8,IR,1628467425
Jōetsu,37.1483,138.2364,301.54,69,95,2.76,JP,1628467426
Fernley,39.608,-119.2518,308.17,9,0,4.02,US,1628467426
Porto Empedocle,37.2934,13.5264,298.84,71,3,2.23,IT,1628467427
Port Hawkesbury,45.6169,-61.3485,291.81,83,50,2.24,CA,1628467427
Hasaki,35.7333,140.8333,304.37,80,70,10.94,JP,1628467427
San Patricio,28.017,-97.5169,306.2,61,31,8.12,US,1628467135
Mehamn,71.0357,27.8492,287.64,66,10,3.55,NO,1628467428
Puerto del Rosario,28.5004,-13.8627,295.01,73,1,6.69,ES,1628467428
Xining,36.6167,101.7667,287.95,71,86,0.8,CN,1628467429
George Town,5.4112,100.3354,300.87,83,20,0.0,MY,1628467429
Astoria,46.1879,-123.8313,294.74,79,25,0.89,US,1628467217
Hildburghausen,50.4255,10.7318,284.7,98,21,2.16,DE,1628467430
Guerrero Negro,27.9769,-114.0611,297.99,65,4,7.18,MX,1628467430
Vardø,70.3705,31.1107,285.93,78,6,3.12,NO,1628467431
Qaqortoq,60.7167,-46.0333,280.43,87,9,5.3,GL,1628467431
Yeppoon,-23.1333,150.7333,293.03,64,25,5.94,AU,1628467432
Chokurdakh,70.6333,147.9167,293.06,40,64,6.64,RU,1628467432
Chumikan,54.7183,135.315,285.91,70,100,3.37,RU,1628467432
Vostok,46.4856,135.8833,286.21,81,100,2.36,RU,1628467433
Solnechnyy,50.7214,136.6319,282.87,99,100,1.56,RU,1628467386
Lagunas,-5.2269,-75.6753,299.37,62,42,1.41,PE,1628467433
Canutama,-6.5339,-64.3831,301.69,41,51,0.37,BR,1628467434
Bambari,5.768,20.6757,293.02,98,85,1.07,CF,1628467434
Kolpashevo,58.3131,82.9089,290.97,82,94,1.33,RU,1628467434
Velyka Bahachka,49.7912,33.7226,293.26,70,0,5.57,UA,1628467435
Rawson,-43.3002,-65.1023,280.47,63,0,2.54,AR,1628467435
Palu,-0.8917,119.8707,299.9,82,88,0.67,ID,1628467435
Ibotirama,-12.1853,-43.2206,297.66,46,24,3.84,BR,1628467436
Eldoret,0.5204,35.2699,286.75,88,82,1.11,KE,1628467426
Provideniya,64.3833,-173.3,284.21,66,40,7.0,RU,1628467436
Casper,42.8666,-106.3131,305.93,15,1,5.36,US,1628467429
Torbay,47.6666,-52.7314,286.25,93,90,6.69,CA,1628467398
Ust-Nera,64.5667,143.2,295.56,40,7,1.82,RU,1628467437
Flin Flon,54.7682,-101.865,291.07,80,63,3.93,CA,1628467437
Wesselsbron,-27.8549,26.3658,280.75,26,1,3.34,ZA,1628467438
Payo,-3.7508,103.6372,296.98,85,34,0.86,ID,1628467438
Olhão,37.0286,-7.8411,294.09,52,0,2.06,PT,1628467438
Shingū,33.7333,135.9833,300.32,92,96,9.62,JP,1628467439
Mandera,3.9366,41.867,297.42,60,70,7.63,KE,1628467283
Isabela,6.7085,121.9711,300.0,82,100,2.39,PH,1628467439
Norman Wells,65.282,-126.8329,285.61,59,98,3.17,CA,1628467440
Luxor,25.6989,32.6421,305.72,23,0,3.01,EG,1628467440
Ambunti,-4.2365,142.8448,301.36,72,52,0.72,PG,1628467441
Kwang Binh,17.4833,106.6,302.96,72,91,3.72,VN,1628467281
Tynda,55.1667,124.7167,283.63,83,100,3.16,RU,1628467441
Cururupu,-1.8283,-44.8683,296.64,86,20,1.68,BR,1628467442
Cabo San Lucas,22.8909,-109.9124,305.96,69,91,0.89,MX,1628467390
Taltal,-25.4,-70.4833,287.38,68,29,1.8,CL,1628467442
Esso,55.9333,158.7,285.44,64,84,1.99,RU,1628467443
East London,-33.0153,27.9116,290.32,75,32,7.06,ZA,1628467443
Petropavlovsk-Kamchatskiy,53.0452,158.6483,290.48,55,75,2.0,RU,1628467364
Saint George,37.1041,-113.5841,313.41,8,1,2.24,US,1628467323
Lipin Bor,60.2622,37.9763,288.56,93,35,1.85,RU,1628467444
Baruun-Urt,46.6806,113.2792,289.04,76,62,3.3,MN,1628467444
Paraná,-31.732,-60.5238,287.76,80,74,7.47,AR,1628467444
Tasiilaq,65.6145,-37.6368,281.24,94,100,9.44,GL,1628467445
Saskylakh,71.9167,114.0833,289.05,60,100,2.82,RU,1628467445
Deputatsky,69.3,139.9,293.33,44,48,1.01,RU,1628467446
Mariental,-24.6333,17.9667,286.53,33,34,1.38,NA,1628467446
Vangaindrano,-23.35,47.6,290.34,93,23,2.61,MG,1628467446
Kemin,42.7846,75.6892,293.39,34,1,3.61,KG,1628467446
Lüderitz,-26.6481,15.1594,285.52,86,70,3.25,NA,1628467447
Sibolga,1.7427,98.7792,297.78,88,81,1.79,ID,1628467447
Selenduma,50.9131,106.2406,289.18,60,0,1.66,RU,1628467448
Macenta,8.5435,-9.471,293.4,100,100,0.77,GN,1628467448
Walla Walla,46.0646,-118.343,300.08,31,20,2.68,US,1628467449
Port-Gentil,-0.7193,8.7815,296.94,84,32,5.39,GA,1628467449
Kurmanayevka,52.5093,52.0675,291.67,40,68,2.02,RU,1628467449
Tarata,-17.6167,-66.0167,286.82,63,12,3.18,BO,1628467450
Kuantan,3.8077,103.326,298.25,90,39,2.07,MY,1628467450
Palmer,42.1584,-72.3287,297.77,78,81,1.3,US,1628467451
San Ramon,37.7799,-121.978,307.2,54,1,2.24,US,1628467427
Tuatapere,-46.1333,167.6833,277.49,94,98,2.26,NZ,1628467451
Namatanai,-3.6667,152.4333,301.84,68,59,3.1,PG,1628467330
Aldenhoven,50.9,6.2833,288.94,80,0,2.57,DE,1628467451
Tessalit,20.1986,1.0114,306.03,35,98,3.68,ML,1628467331
Kimbe,-5.5502,150.1429,302.07,66,73,1.16,PG,1628467452
Clyde River,70.4692,-68.5914,280.42,62,100,3.9,CA,1628467415
Prince Rupert,54.3161,-130.3201,288.77,83,70,1.88,CA,1628467453
Obertyn,48.7003,25.1701,290.7,74,9,2.57,UA,1628467453
Dudinka,69.4058,86.1778,288.5,65,3,7.11,RU,1628467453
Erciş,39.0287,43.3586,292.93,41,39,2.45,TR,1628467454
Port Shepstone,-30.7414,30.455,293.38,28,8,3.45,ZA,1628467454
Kumul,42.8,93.45,299.86,29,100,1.84,CN,1628467455
Punta Alta,-38.8759,-62.0736,281.55,83,99,5.27,AR,1628467192
Mildura,-34.2,142.15,284.86,75,0,3.65,AU,1628467455
Grand Bank,47.0999,-55.765,288.84,89,81,7.71,CA,1628467213
Asău,46.4333,26.4,291.37,67,2,1.35,RO,1628467456
Aromashevo,56.8602,68.6375,288.51,97,39,3.42,RU,1628467456
Santiago del Estero,-27.7951,-64.2615,291.93,25,53,8.31,AR,1628467456
Serik,36.9169,31.0989,302.29,50,0,3.82,TR,1628467457
Haines Junction,60.7522,-137.5108,287.54,62,100,5.36,CA,1628467457
Synya,65.3718,58.0387,281.62,94,97,3.02,RU,1628467337
Nadym,65.5333,72.5167,284.86,73,6,7.79,RU,1628467458
Tocopilla,-22.092,-70.1979,289.85,65,75,5.93,CL,1628467313
Ngama,11.7833,17.1667,296.56,86,85,2.5,TD,1628467458
Rāzole,16.4833,81.8333,300.69,83,95,1.54,IN,1628467459
Nkhotakota,-12.9274,34.2961,292.99,60,6,4.02,MW,1628467459
Uray,60.1247,64.7758,288.66,94,91,3.98,RU,1628467298
Nuuk,64.1835,-51.7216,280.49,76,75,1.03,GL,1628467362
Bud,39.447,-86.1758,302.14,66,77,2.4,US,1628467460
Lakes Entrance,-37.8811,147.981,283.81,56,7,1.56,AU,1628467460
Belle Fourche,44.6714,-103.8522,310.51,15,19,3.99,US,1628467460
Bara,10.3744,10.7288,296.36,88,98,4.24,NG,1628467461
Nouakchott,18.0858,-15.9785,298.11,80,12,6.65,MR,1628467461
Nabire,-3.3667,135.4833,298.99,88,98,0.39,ID,1628467183
Hambantota,6.1241,81.1185,298.93,81,95,6.96,LK,1628467461
Port Augusta,-32.5,137.7667,286.32,49,0,6.05,AU,1628467462
Aripuanã,-9.1667,-60.6333,299.74,40,27,0.92,BR,1628467462
Ugra,54.7777,34.3267,288.13,94,70,0.26,RU,1628467462
Betsiamites,48.9413,-68.646,289.54,72,7,2.74,CA,1628467463
Mathathane,-22.2687,28.7495,288.29,60,0,1.69,BW,1628467463
Berlevåg,70.8578,29.0864,287.04,70,8,4.22,NO,1628467355
Puerto Ayora,-0.7393,-90.3518,294.57,88,43,2.68,EC,1628467246
Selishche,56.8879,33.2691,286.69,91,100,1.89,RU,1628467464
Iztapa,13.9333,-90.7075,300.39,81,100,3.56,GT,1628467464
Broome,42.2506,-75.833,299.07,77,1,2.06,US,1628467464
Ardeşen,41.1911,40.9875,297.13,80,38,1.75,TR,1628467465
La Rioja,42.25,-2.5,288.17,79,0,1.27,ES,1628467465
Pa Daet,19.5049,99.9924,297.45,90,100,1.01,TH,1628467466
Saldanha,-33.0117,17.9442,286.18,81,100,9.17,ZA,1628467466
Oranjemund,-28.55,16.4333,287.35,69,93,3.03,NA,1628467467
Eina,60.6295,10.5993,284.88,94,52,0.76,NO,1628467467
Santa Maria,-29.6842,-53.8069,292.17,73,0,2.47,BR,1628467917
Itambé,-15.245,-40.6244,290.98,95,99,1.66,BR,1628467468
Bayir,37.2687,28.2167,293.44,47,0,2.12,TR,1628467469
Lavrentiya,65.5833,-171.0,282.32,67,42,6.7,RU,1628467262
Cottonwood,34.7392,-112.0099,311.18,18,1,0.45,US,1628467469
Porto-Novo,6.4965,2.6036,297.21,91,100,4.06,BJ,1628467470
Sanchazi,42.0817,126.6003,297.02,61,0,1.16,CN,1628467470
Alenquer,-1.9417,-54.7383,300.89,59,91,2.14,BR,1628467471
Bowen,-20.0167,148.2333,295.61,56,19,6.81,AU,1628467471
Kamiiso,41.8167,140.65,296.41,86,100,6.36,JP,1628467471
Bato,13.3528,123.3677,301.99,78,96,2.07,PH,1628467472
Olavarría,-36.8927,-60.3225,277.57,90,100,5.43,AR,1628467472
Vila Velha,-20.3297,-40.2925,293.09,83,10,2.65,BR,1628467473
Maracaju,-21.6144,-55.1683,297.37,32,6,2.09,BR,1628467473
Aitape,-3.1374,142.3475,300.13,79,92,2.26,PG,1628467473
Nālūt,30.3333,10.85,305.47,18,0,5.95,LY,1628467474
Ajdabiya,30.7554,20.2263,301.45,30,0,4.6,LY,1628467474
Athmallik,20.7219,84.5348,299.82,77,85,0.62,IN,1628467475
Kuril'sk,45.2333,147.8833,284.76,87,100,6.93,RU,1628467475
Ngunguru,-35.6167,174.5,281.57,61,95,7.25,NZ,1628467476
Ubari,26.5921,12.7805,305.16,14,0,5.41,LY,1628467476
Aksu,41.1231,80.2644,295.94,44,3,0.77,CN,1628467476
Teya,60.3778,92.6267,289.39,70,52,1.08,RU,1628467422
Nakusp,50.2499,-117.8023,287.86,97,100,0.93,CA,1628467477
Klyuchi,52.2667,79.1667,288.79,97,49,2.81,RU,1628467409
Plaridel,14.8872,120.8572,303.2,80,95,0.75,PH,1628467477
Bonavista,48.6499,-53.1147,286.55,76,76,7.33,CA,1628467478
Nilópolis,-22.8075,-43.4139,293.11,69,5,0.71,BR,1628467478
Kavaratti,10.5669,72.642,299.3,86,100,8.84,IN,1628467290
Koundara,12.4833,-13.3,295.76,99,98,1.93,GN,1628467370
Lebu,-37.6167,-73.65,279.98,83,5,2.1,CL,1628467479
Madimba,-10.4,40.3333,293.86,88,17,3.67,TZ,1628467479
Fairbanks,64.8378,-147.7164,292.37,74,90,3.09,US,1628467211
Bemidji,47.4736,-94.8803,301.58,57,1,2.57,US,1628467274
Ananindeua,-1.3656,-48.3722,298.1,94,75,7.2,BR,1628467480
Viedma,-40.8135,-62.9967,278.84,66,78,2.5,AR,1628467288
Mossamedes,-15.1961,12.1522,290.28,81,45,2.63,AO,1628467481
College,64.8569,-147.8028,292.36,74,75,1.54,US,1628467481
São Filipe,14.8961,-24.4956,299.23,85,28,1.24,CV,1628467418
Katubao,5.8892,124.8294,300.96,71,100,0.83,PH,1628467481
Martinsville,36.6915,-79.8725,302.62,88,1,0.0,US,1628467482
Conde,-7.2597,-34.9075,294.99,89,27,3.83,BR,1628467482
Katsuura,35.1333,140.3,303.21,88,88,11.82,JP,1628467483
Ust'-Kut,56.7938,105.7672,290.0,47,3,0.76,RU,1628467483
Raudeberg,61.9875,5.1352,288.26,79,6,2.07,NO,1628467484
Ranong,9.9658,98.6348,299.8,88,81,3.14,TH,1628467484
Merauke,-8.4667,140.3333,299.15,80,97,6.21,ID,1628467270
Keuruu,62.2667,24.7,288.57,86,100,1.31,FI,1628467484
Peleduy,59.6289,112.7406,284.23,97,100,0.72,RU,1628467485
Constantine,36.365,6.6147,299.96,47,3,1.24,DZ,1628467485
Ancud,-41.8697,-73.8203,279.5,85,13,1.93,CL,1628467212
Omboué,-1.5746,9.2618,295.88,87,51,3.51,GA,1628467486
Hamada,34.8833,132.0833,296.55,95,100,13.02,JP,1628467349
Peniche,39.3558,-9.3811,291.33,89,0,6.98,PT,1628467486
Sistranda,63.7256,8.834,290.32,81,9,2.87,NO,1628467487
Narganá,9.4428,-78.5906,300.25,83,94,3.2,PA,1628467487
Ust-Kuyga,70.0167,135.6,298.45,32,69,1.58,RU,1628467488
Tolna,46.4268,18.7825,296.77,79,89,5.8,HU,1628467488
San Cristobal,7.7669,-72.225,292.5,98,93,0.87,VE,1628467450
Amahai,-3.3333,128.9167,299.73,80,90,1.15,ID,1628467436
Volpago del Montello,45.7773,12.1144,294.69,88,39,2.06,IT,1628467489
Hualmay,-11.0964,-77.6139,290.08,82,40,5.84,PE,1628467489
Srandakan,-7.9386,110.2506,298.1,86,9,1.88,ID,1628467489
Daru,-9.0763,143.2092,297.63,90,100,7.42,PG,1628467490
Vallenar,-28.5708,-70.7581,284.02,62,0,0.95,CL,1628467490
Dickinson,29.4608,-95.0513,306.02,71,75,1.79,US,1628467490
Wanxian,30.8039,108.3897,298.36,98,100,1.22,CN,1628467491
Bealanana,-14.55,48.7333,285.64,96,70,0.75,MG,1628467491
Coahuayana Viejo,18.7333,-103.6833,300.86,74,55,3.25,MX,1628467492
Ouésso,1.6136,16.0517,294.03,94,22,1.42,CG,1628467492
Barra Patuca,15.8,-84.2833,299.92,82,54,3.85,HN,1628467493
Porto Nacional,-10.7081,-48.4172,298.86,35,10,0.81,BR,1628467422
Tebingtinggi,3.3285,99.1625,299.18,94,85,0.88,ID,1628467493
Kuala Terengganu,5.3302,103.1408,299.23,85,28,1.83,MY,1628467494
New Glasgow,45.5834,-62.6486,291.99,91,66,3.42,CA,1628467494
Half Moon Bay,37.4636,-122.4286,305.82,71,1,5.14,US,1628467490
Vanderhoof,54.0166,-124.0198,299.29,33,3,2.64,CA,1628467200
Lima,-12.0432,-77.0282,288.29,82,90,5.14,PE,1628467740
Severnyy,50.677,36.5532,293.17,73,0,3.0,RU,1628467495
Broken Hill,-31.95,141.4333,286.02,49,0,3.17,AU,1628467495
Pouébo,-20.4,164.5667,295.99,51,38,2.85,NC,1628467495
Khandyga,62.6667,135.6,296.87,38,10,0.54,RU,1628467496
Kolosovka,56.4678,73.611,288.47,95,26,3.02,RU,1628467496
Fort Royal,14.6089,-61.0733,300.79,83,75,4.63,MQ,1628467207
Cihuatlán,19.2366,-104.5651,302.97,74,75,12.86,MX,1628467497
Port Blair,11.6667,92.75,300.82,84,100,4.66,IN,1628467330
Ullapool,57.8987,-5.1604,286.45,90,23,1.35,GB,1628467497
Brasiléia,-11.0161,-68.7481,299.93,41,3,0.47,BR,1628467498
Amos,48.5669,-78.1162,293.3,95,100,1.83,CA,1628467498
Lazi,48.0667,24.2333,293.4,57,22,1.55,UA,1628467499
Villamontes,-21.25,-63.5,296.97,40,17,0.37,BO,1628467499
Santiago de Cao,-7.9589,-79.2392,290.55,84,8,7.09,PE,1628467268
Isangel,-19.55,169.2667,295.69,64,100,6.91,VU,1628467500
Sinegorskiy,48.0139,40.8447,294.28,70,48,2.24,RU,1628467500
Basoko,1.2391,23.616,294.2,94,70,0.38,CD,1628467501
Ranau,5.9538,116.6641,295.51,89,95,0.42,MY,1628467325
Goderich,43.7501,-81.7165,298.66,88,97,6.32,CA,1628467501
Shebunino,46.4339,141.8603,288.81,87,100,8.07,RU,1628467502
Touros,-5.1989,-35.4608,297.4,83,35,6.57,BR,1628467503
Dalkola,25.85,87.85,300.69,85,80,0.64,IN,1628467505
Vikulovo,56.8167,70.6107,289.04,96,40,3.21,RU,1628467505
Churapcha,62.0025,132.4325,295.33,29,50,4.14,RU,1628467506
Samarai,-10.6167,150.6667,299.08,77,99,5.28,PG,1628467338
Bykovo,55.6361,38.0803,291.66,100,20,1.0,RU,1628467506
Onega,63.9061,38.1404,284.9,97,100,3.92,RU,1628467506
Suruç,36.9761,38.425,298.26,61,0,2.15,TR,1628467507
Ilām,26.9167,87.9167,294.14,92,61,1.08,NP,1628467507
Tacna,-18.0056,-70.2483,284.73,89,35,2.16,PE,1628467365
Benjamín Hill,30.1667,-111.1,303.8,48,78,2.09,MX,1628467508
Boca do Acre,-8.7522,-67.3978,300.8,37,8,0.89,BR,1628467508
Vrani,45.0383,21.4925,303.09,26,0,10.8,RO,1628467508
Lamar,33.6668,-95.5836,306.24,59,20,4.12,US,1628467509
Aksay,47.26,39.87,296.56,65,98,2.05,RU,1628467509
Evensk,61.95,159.2333,290.84,45,25,5.2,RU,1628467510
Vestmanna,62.1564,-7.1664,281.66,100,90,1.03,FO,1628467510
Ust'-Omchug,61.15,149.6333,288.1,52,1,2.03,RU,1628467511
Aykhal,66.0,111.5,288.0,62,10,0.99,RU,1628467511
Hays,30.0502,-98.0336,306.16,65,42,4.47,US,1628467512
Akureyri,65.6835,-18.0878,288.43,82,97,0.82,IS,1628467276
Aden,12.7794,45.0367,301.27,85,67,6.13,YE,1628467512
Kuito,-12.3833,16.9333,285.43,19,63,1.4,AO,1628467513
Mana,5.6592,-53.7767,299.34,86,84,5.05,GF,1628467288
Fort Frances,48.5999,-93.4003,301.57,67,2,0.9,CA,1628467214
Ostrovnoy,68.0531,39.5131,282.73,79,0,3.66,RU,1628467450
Alta Floresta,-9.8756,-56.0861,301.15,32,37,1.12,BR,1628467513
Talcahuano,-36.7167,-73.1167,280.97,76,0,1.54,CL,1628467514
Cotonou,6.3654,2.4183,297.74,90,100,6.18,BJ,1628467514
Kropotkin,45.4375,40.5756,296.21,81,100,2.95,RU,1628467514
Imeni Poliny Osipenko,52.4201,136.4853,287.17,72,100,2.2,RU,1628467515
Batagay-Alyta,67.8006,130.4114,295.42,26,14,1.26,RU,1628467515
Sørland,67.667,12.6934,286.98,86,70,4.3,NO,1628467332
Umaria,23.5333,80.8333,297.33,89,99,2.33,IN,1628467516
Kumluca,36.3703,30.2869,301.25,51,0,1.86,TR,1628467516
Hobyo,5.3505,48.5268,297.76,86,47,10.18,SO,1628467516
La Ronge,55.1001,-105.2842,291.99,58,57,5.41,CA,1628467517
Faya,18.3851,42.4509,297.44,41,58,1.98,SA,1628467517
Dubréka,9.7911,-13.5233,297.18,92,100,1.9,GN,1628467313
Acapulco de Juárez,16.8634,-99.8901,301.58,79,56,3.41,MX,1628467379
Yelizovo,53.1873,158.3805,291.23,55,75,2.0,RU,1628467518
Sumbe,-11.2061,13.8437,294.79,86,34,3.29,AO,1628467518
Mount Gambier,-37.8333,140.7667,283.8,68,94,4.39,AU,1628467407
Adrar,20.5022,-10.0711,303.68,20,9,4.83,MR,1628467519
Yaan,7.3833,8.5667,295.09,93,95,3.64,NG,1628467519
Diré,12.2833,-10.9667,296.11,97,100,0.71,ML,1628467519
Camacha,33.0833,-16.3333,292.83,68,20,3.09,PT,1628467520
Nanyuki,0.0167,37.0728,287.4,91,79,2.67,KE,1628467520
San Vicente de Cañete,-13.0751,-76.3835,289.44,85,58,2.54,PE,1628467521
Verāval,20.9,70.3667,300.47,78,100,3.65,IN,1628467521
Aleksandro-Nevskiy,53.4751,40.2095,297.2,39,100,3.48,RU,1628467522
Normandin,48.8333,-72.5321,289.22,68,96,1.58,CA,1628467334
Whitehorse,60.7161,-135.0538,287.65,68,96,6.56,CA,1628467351
Tobol'sk,58.2,68.2667,288.57,97,45,2.59,RU,1628467398
Olafsvik,64.8945,-23.7142,286.49,82,100,4.36,IS,1628467522
Coleraine,55.1333,-6.6667,287.55,93,99,4.08,GB,1628467523
Bambanglipuro,-7.95,110.2833,298.1,86,10,1.86,ID,1628467523
Prachuap Khiri Khan,12.2167,99.75,298.47,78,81,2.51,TH,1628467524
Marovoay,-16.1,46.6333,292.04,79,2,1.66,MG,1628467524
Archidona,37.0965,-4.3887,295.7,61,0,2.18,ES,1628467524
Nishihara,26.1842,127.7558,300.96,95,75,5.14,JP,1628467525
Beloha,-25.1667,45.05,288.78,92,0,2.5,MG,1628467525
Salalah,17.0151,54.0924,297.66,91,91,2.73,OM,1628467330
Bosaso,11.2842,49.1816,306.39,39,72,6.82,SO,1628467526
Bengbu,32.9408,117.3608,298.62,85,97,1.16,CN,1628467526
El Doncello,1.6782,-75.2847,296.21,87,24,1.77,CO,1628467526
Bam,29.106,58.357,302.76,13,2,4.46,IR,1628467527
Waingapu,-9.6567,120.2641,298.98,63,68,4.89,ID,1628467313
Seoul,37.5683,126.9778,301.81,65,0,3.09,KR,1628467169
Kosonsoy,41.2561,71.5508,295.46,31,3,2.88,UZ,1628467528
Pimenta Bueno,-11.6725,-61.1936,300.39,34,5,1.96,BR,1628467528
Anadyr,64.75,177.4833,287.43,58,40,6.0,RU,1628467528
Dire Dawa,9.5931,41.8661,294.26,78,79,4.41,ET,1628467332
Nuquí,5.7125,-77.2708,299.22,84,86,2.44,CO,1628467529
Mikkeli,61.6886,27.2723,289.9,94,75,1.54,FI,1628467529
Belmonte,-15.8631,-38.8828,294.34,84,45,4.5,BR,1628467300
Wau,7.7029,27.9953,294.54,95,100,0.72,SS,1628467530
Zhuanghe,39.7008,122.9911,298.11,81,84,3.71,CN,1628467530
Mae Tha,18.4646,99.1403,298.48,88,98,0.68,TH,1628467531
Gigmoto,13.7796,124.39,302.23,71,97,0.59,PH,1628467531
Matagami,49.7502,-77.6328,291.73,76,100,2.51,CA,1628467531
Tsimmerbude,54.675,20.1347,288.18,83,45,3.64,RU,1628467430
George,-33.963,22.4617,287.42,58,94,6.54,ZA,1628467532
Tual,-5.6667,132.75,299.68,80,100,8.23,ID,1628467532
Wołów,51.3366,16.6443,290.39,82,78,3.21,PL,1628467533
Perai,5.3833,100.3833,300.9,83,20,0.0,MY,1628467533
Florianópolis,-27.6146,-48.5012,289.09,91,0,2.9,BR,1628467452
Xinyang,32.1228,114.0656,294.61,96,100,1.79,CN,1628467534
Teahupoo,-17.8333,-149.2667,299.13,77,31,4.23,PF,1628467534
Telimele,10.9167,-13.3333,294.52,99,100,1.01,GN,1628467534
Mercedes,-34.6515,-59.4307,281.39,95,100,7.62,AR,1628467535
Henties Bay,-22.116,14.2845,284.18,93,47,2.86,NA,1628467535
Departamento de Maldonado,-34.6667,-54.9167,282.72,89,100,7.59,UY,1628467535
Aksha,50.2814,113.2867,290.44,69,94,1.87,RU,1628467536
Conakry,9.538,-13.6773,299.12,80,100,5.93,GN,1628467406
Nemuro,43.3236,145.575,287.39,88,100,11.31,JP,1628467536
Kochevo,59.5994,54.3125,282.39,95,72,1.1,RU,1628467536
Otukpo,7.1913,8.1329,294.73,97,97,3.0,NG,1628467537
Narsaq,60.9167,-46.05,280.27,78,10,2.41,GL,1628467295
Osakarovka,50.565,72.5692,285.06,84,11,2.68,KZ,1628467537
Oussouye,12.485,-16.5469,298.66,86,100,3.25,SN,1628467538
Vung Tau,10.346,107.0843,300.53,84,51,5.9,VN,1628467538
Ewo,-0.8725,14.8206,296.88,74,37,2.36,CG,1628467539
Puri,19.8,85.85,301.44,81,100,7.71,IN,1628467539
Cascais,38.6979,-9.4215,291.27,74,0,5.36,PT,1628467539
Miranda,3.2499,-76.2281,292.93,94,89,2.37,CO,1628467540
Mulchén,-37.7167,-72.2333,279.02,85,79,1.09,CL,1628467540
Rodionovo-Nesvetayskaya,47.6103,39.7121,294.44,59,68,1.1,RU,1628467541
Zemlyansk,51.9041,38.7334,298.95,28,84,4.88,RU,1628467541
Dryden,49.7833,-92.7503,299.65,50,32,1.83,CA,1628467541
Koslan,63.4564,48.8989,284.12,84,100,1.99,RU,1628467542
Ndola,-12.9587,28.6366,286.47,50,0,2.03,ZM,1628467542
Almansa,38.8692,-1.0971,295.2,92,93,3.97,ES,1628467542
Sacramento,38.4666,-121.3177,312.2,34,1,0.89,US,1628467504
Bilma,18.6853,12.9164,307.03,30,34,2.23,NE,1628467317
Svetlaya,46.5389,138.3297,288.66,90,100,6.26,RU,1628467470
Sovetskiy,61.3614,63.5842,288.11,94,99,3.82,RU,1628467543
Shakawe,-18.3667,21.85,287.65,23,0,1.98,BW,1628467544
Benalla,-36.55,145.9833,283.61,76,100,2.63,AU,1628467544
